{
  "__type__": "cc.Skeleton",
  "_name": "Skin-9",
  "_objFlags": 0,
  "__editorExtras__": {},
  "_native": "",
  "_joints": [
    "rig_CharRoot005/bip005/bip Pelvis005/bip Spine010/bip Spine011/bip Neck005/bip Head005"
  ],
  "_bindposes": [
    {
      "__type__": "cc.Mat4",
      "m00": -0.00004618916500476189,
      "m01": 0.002642724197357893,
      "m02": 0.999996542930603,
      "m03": 0,
      "m04": -0.0020052865147590637,
      "m05": -0.9999944567680359,
      "m06": 0.0026426264084875584,
      "m07": 0,
      "m08": 0.9999980330467224,
      "m09": -0.0020051575265824795,
      "m10": 0.00005148833224666305,
      "m11": 0,
      "m12": 0.11228163540363312,
      "m13": 0.026588451117277145,
      "m14": -0.00006501972529804334,
      "m15": 1
    }
  ],
  "_hash": 3097517114
}