{
  "__type__": "cc.Skeleton",
  "_name": "Skin-2",
  "_objFlags": 0,
  "__editorExtras__": {},
  "_native": "",
  "_joints": [
    "rig_CharRoot001/bip001/bip Pelvis001/bip Spine002/bip Spine003/bip Neck001/bip Head001",
    "rig_CharRoot001/bip001/bip Pelvis001/bip Spine002/bip Spine003/bip Neck001"
  ],
  "_bindposes": [
    {
      "__type__": "cc.Mat4",
      "m00": -0.00004618916500476189,
      "m01": 0.002642724197357893,
      "m02": 0.999996542930603,
      "m03": 0,
      "m04": -0.0020052865147590637,
      "m05": -0.9999944567680359,
      "m06": 0.0026426264084875584,
      "m07": 0,
      "m08": 0.9999980330467224,
      "m09": -0.0020051575265824795,
      "m10": 0.00005148833224666305,
      "m11": 0,
      "m12": 0.1678471565246582,
      "m13": 0.07159864157438278,
      "m14": -0.00018132288823835552,
      "m15": 1
    },
    {
      "__type__": "cc.Mat4",
      "m00": 1.6819907955323288e-7,
      "m01": -0.0000014367745961862965,
      "m02": 1,
      "m03": 0,
      "m04": -0.34490644931793213,
      "m05": -0.9386370778083801,
      "m06": -0.0000012905969697385444,
      "m07": 0,
      "m08": 0.9386370778083801,
      "m09": -0.34490644931793213,
      "m10": -6.534307317451749e-7,
      "m11": 0,
      "m12": 0.247079998254776,
      "m13": 0.009679223410785198,
      "m14": 1.2375159030852956e-7,
      "m15": 1
    }
  ],
  "_hash": 1963636709
}