{
  "__type__": "cc.Skeleton",
  "_name": "Skin-7",
  "_objFlags": 0,
  "__editorExtras__": {},
  "_native": "",
  "_joints": [
    "rig_CharRoot004/bip004/bip Pelvis004/bip Spine008/bip Spine009/bip R Clavicle004",
    "rig_CharRoot004/bip004/bip Pelvis004/bip Spine008/bip Spine009",
    "rig_CharRoot004/bip004/bip Pelvis004/bip Spine008/bip Spine009/bip Neck004",
    "rig_CharRoot004/bip004/bip Pelvis004/bip Spine008/bip Spine009/bip L Clavicle004"
  ],
  "_bindposes": [
    {
      "__type__": "cc.Mat4",
      "m00": -0.9910737872123718,
      "m01": -0.0000012721466191578656,
      "m02": -0.13331446051597595,
      "m03": 0,
      "m04": 0.028821201995015144,
      "m05": 0.9763493537902832,
      "m06": -0.21426916122436523,
      "m07": 0,
      "m08": 0.13016176223754883,
      "m09": -0.2161988466978073,
      "m10": -0.9676342010498047,
      "m11": 0,
      "m12": -0.2223915457725525,
      "m13": 0.24510812759399414,
      "m14": 1.3194122314453125,
      "m15": 1
    },
    {
      "__type__": "cc.Mat4",
      "m00": -5.941278118370974e-7,
      "m01": -0.0000015092431340235635,
      "m02": 1,
      "m03": 0,
      "m04": 0.21542130410671234,
      "m05": -0.9765211939811707,
      "m06": -0.000001345820123788144,
      "m07": 0,
      "m08": 0.9765211939811707,
      "m09": 0.21542130410671234,
      "m10": 9.05301533293823e-7,
      "m11": 0,
      "m12": -1.0936782360076904,
      "m13": -0.244441956281662,
      "m14": -0.0000010109800996360718,
      "m15": 1
    },
    {
      "__type__": "cc.Mat4",
      "m00": 1.819090869048523e-7,
      "m01": -0.0000013885025964555098,
      "m02": 1,
      "m03": 0,
      "m04": -0.3454756736755371,
      "m05": -0.9384276270866394,
      "m06": -0.0000012401642379700206,
      "m07": 0,
      "m08": 0.9384276270866394,
      "m09": -0.3454756736755371,
      "m10": -6.504024554487842e-7,
      "m11": 0,
      "m12": -1.3163295984268188,
      "m13": 0.5199397802352905,
      "m14": 0.0000011370638048902038,
      "m15": 1
    },
    {
      "__type__": "cc.Mat4",
      "m00": 0.9910736083984375,
      "m01": -0.0000012583116131281713,
      "m02": -0.13331562280654907,
      "m03": 0,
      "m04": 0.02882390096783638,
      "m05": 0.9763493537902832,
      "m06": 0.21426880359649658,
      "m07": 0,
      "m08": 0.1301623433828354,
      "m09": -0.2161988466978073,
      "m10": 0.9676341414451599,
      "m11": 0,
      "m12": -0.22239217162132263,
      "m13": 0.24510812759399414,
      "m14": -1.3194122314453125,
      "m15": 1
    }
  ],
  "_hash": 952736049
}