{
  "__type__": "cc.Skeleton",
  "_name": "Skin-5",
  "_objFlags": 0,
  "__editorExtras__": {},
  "_native": "",
  "_joints": [
    "rig_CharRoot003/bip003/bip Pelvis003/bip Spine006/bip Spine007/bip Neck003/bip Head003"
  ],
  "_bindposes": [
    {
      "__type__": "cc.Mat4",
      "m00": 2.6695946786503555e-8,
      "m01": -0.0000014029533303983044,
      "m02": 1,
      "m03": 0,
      "m04": -0.019470442086458206,
      "m05": -0.9998104572296143,
      "m06": -0.0000014021675269759726,
      "m07": 0,
      "m08": 0.9998104572296143,
      "m09": -0.019470442086458206,
      "m10": -5.400700331392727e-8,
      "m11": 0,
      "m12": 0.089436836540699,
      "m13": 0.09522707015275955,
      "m14": 2.972716970361944e-7,
      "m15": 1
    }
  ],
  "_hash": 247471050
}